frame,type,left,reference,left_label,reference_label,iou
adasind_001320.jpg,missing_annotation,,1,,Truck,N/A
adasind_001320.jpg,missing_annotation,,4,,Pedestrian,N/A
adasind_001320.jpg,missing_annotation,,5,,ThreeWheeler,N/A
adasind_014670.jpg,missing_annotation,,3,,ThreeWheeler,N/A
adasind_014670.jpg,missing_annotation,,4,,Pedestrian,N/A
adasind_034080.jpg,missing_annotation,,2,,Car,N/A
adasind_034080.jpg,missing_annotation,,5,,Bike,N/A
adasind_034080.jpg,missing_annotation,,8,,Bike,N/A
adasind_034080.jpg,missing_annotation,,9,,ThreeWheeler,N/A
