round,slice,frame,object_ref,cell,what,why,severity,owner,rule_id,evidence,action,rules_version,note
calib,C0,adasind_019560.jpg,L5,na,SPURIOUS,E1_annotator_error,P2,annotator,R03,,keep_with_reason,,
r1_craft,B1-edge,adasind_001320.jpg,R1,na,MISSING,E1_annotator_error,P1,annotator,R01,,keep_with_reason,,
r1_craft,B1-edge,adasind_001320.jpg,R4,na,MISSING,E1_annotator_error,P1,annotator,R01,,keep_with_reason,,
r1_craft,B1-edge,adasind_001320.jpg,R5,na,MISSING,E1_annotator_error,P1,annotator,R01,,keep_with_reason,,
r1_craft,B1-edge,adasind_014670.jpg,R3,na,MISSING,E1_annotator_error,P1,annotator,R01,,keep_with_reason,,
r1_craft,B1-edge,adasind_014670.jpg,R4,na,MISSING,E1_annotator_error,P1,annotator,R01,,keep_with_reason,,
r1_craft,B1-edge,adasind_034080.jpg,R2,na,MISSING,E1_annotator_error,P1,annotator,R01,,keep_with_reason,,
r1_craft,B1-edge,adasind_034080.jpg,R5,na,MISSING,E1_annotator_error,P1,annotator,R01,,keep_with_reason,,
r1_craft,B1-edge,adasind_034080.jpg,R8,na,MISSING,E1_annotator_error,P1,annotator,R01,,keep_with_reason,,
r1_craft,B1-edge,adasind_034080.jpg,R9,na,MISSING,E1_annotator_error,P1,annotator,R01,,keep_with_reason,,
r3_diag,B1-edge,adasind_001320.jpg,L2+R3,LR_noM,MISSING,E4_model_domain,P2,ai_team,R04,,keep_with_reason,,
r3_diag,B1-edge,adasind_001320.jpg,L3+R6,LR_noM,MISSING,E4_model_domain,P2,ai_team,R04,,keep_with_reason,,
r3_diag,B1-edge,adasind_001320.jpg,R1+M2,RM_noL,MISSING,E1_annotator_error,P1,annotator,R01,,rework,,
r3_diag,B1-edge,adasind_001320.jpg,R4+M1,RM_noL,MISSING,E1_annotator_error,P1,annotator,R01,,rework,,
r3_diag,B1-edge,adasind_001320.jpg,R5,R_only,MISSING,E0_reference_defect,P0,guideline,R06,,escalate,,
r3_diag,B1-edge,adasind_001320.jpg,M3,M_only,SPURIOUS,E4_model_domain,P2,ai_team,R02,,keep_with_reason,,
r3_diag,B1-edge,adasind_001320.jpg,M5,M_only,SPURIOUS,E4_model_domain,P2,ai_team,R02,,keep_with_reason,,
r3_diag,B1-edge,adasind_001320.jpg,M6,M_only,SPURIOUS,E4_model_domain,P2,ai_team,R02,,keep_with_reason,,
r3_diag,B1-edge,adasind_014670.jpg,L3+R5,LR_noM,MISSING,E4_model_domain,P2,ai_team,R04,,keep_with_reason,,
r3_diag,B1-edge,adasind_014670.jpg,R3,R_only,MISSING,E5_unresolved,P2,data_ops,R01,,keep_with_reason,,
r3_diag,B1-edge,adasind_014670.jpg,R4+M4,RM_noL,MISSING,E1_annotator_error,P1,annotator,R01,,keep_with_reason,,
r3_diag,B1-edge,adasind_014670.jpg,M3,M_only,SPURIOUS,E4_model_domain,P2,ai_team,R02,,keep_with_reason,,
r3_diag,B1-edge,adasind_014670.jpg,M6,M_only,SPURIOUS,E4_model_domain,P2,ai_team,R02,,keep_with_reason,,
r3_diag,B1-edge,adasind_014670.jpg,M7,M_only,SPURIOUS,E4_model_domain,P2,ai_team,R02,,keep_with_reason,,
r3_diag,B1-edge,adasind_034080.jpg,L2+R7,LR_noM,MISSING,E4_model_domain,P2,ai_team,R04,,keep_with_reason,,
r3_diag,B1-edge,adasind_034080.jpg,R2+M3,RM_noL,MISSING,E1_annotator_error,P1,annotator,R01,,keep_with_reason,,
r3_diag,B1-edge,adasind_034080.jpg,R5,R_only,MISSING,E5_unresolved,P2,data_ops,R01,,keep_with_reason,,
r3_diag,B1-edge,adasind_034080.jpg,R8,R_only,MISSING,E5_unresolved,P2,data_ops,R01,,keep_with_reason,,
r3_diag,B1-edge,adasind_034080.jpg,R9,R_only,MISSING,E5_unresolved,P2,data_ops,R01,,keep_with_reason,,
r3_diag,B1-edge,adasind_034080.jpg,M7,M_only,SPURIOUS,E4_model_domain,P2,ai_team,R02,,keep_with_reason,,
r3_diag,B1-edge,adasind_034080.jpg,M8,M_only,SPURIOUS,E4_model_domain,P2,ai_team,R02,,keep_with_reason,,
r3_diag,B1-edge,adasind_034080.jpg,M9,M_only,SPURIOUS,E4_model_domain,P2,ai_team,R02,,keep_with_reason,,
r3_diag,B1-edge,adasind_034080.jpg,M10,M_only,SPURIOUS,E4_model_domain,P2,ai_team,R02,,keep_with_reason,,
r3_diag,B1-edge,adasind_034080.jpg,M11,M_only,SPURIOUS,E4_model_domain,P2,ai_team,R02,,keep_with_reason,,
r3_diag,B1-edge,adasind_034080.jpg,M12,M_only,SPURIOUS,E4_model_domain,P2,ai_team,R02,,keep_with_reason,,
r2_qa,B1-edge,adasind_001320.jpg,L3,L_only,BOX_GEOMETRY,,P1,qa,R05,Box sát mép trái cắt vành kính cần bám sát điểm nhìn thấy,keep_with_reason,v1.0.0,QA review vòng r2_qa
r2_qa,B1-edge,adasind_014670.jpg,L3,L_only,ATTRIBUTE,,P2,qa,R05,Xe tải bị che khuất và chạm biên khung hình,keep_with_reason,v1.0.0,QA review vòng r2_qa
r2_qa,B1-edge,adasind_034080.jpg,L2,L_only,BOX_GEOMETRY,,P1,qa,R04,Xe ba bánh auto-rickshaw ở trung tâm phân loại ThreeWheeler chuẩn,keep_with_reason,v1.0.0,QA review vòng r2_qa
